,mIoU,consistency,ICC
ResNet,142.86760520272784,161.57679074671532,161.61903208825322
PNAS,144.08670010169345,167.32374087638323,166.0277058713966
mobilenet,100.98068140281572,126.50023929609192,139.04228243231773
efficientnet,78.09128862619399,103.03046317895253,102.6969226764308
